{
  "swagger": "2.0",
  "info": {
    "title": "workspace-backend API",
    "description": "backend API",
    "version": "1.0.0"
  },
  "host": "localhost:3000/api",
  "basePath": "/",
  "schemes": [
    "http"
  ],
  "paths": {
    "/create": {
      "get": {
        "tags": [],
        "description": "",
        "parameters": [
          {
            "name": "name",
            "in": "query",
            "type": "string"
          },
          {
            "name": "ide",
            "in": "query",
            "type": "string"
          }
        ],
        "responses": {
          "default": {
            "description": ""
          }
        }
      }
    },
    "/": {
      "delete": {
        "tags": [],
        "description": "",
        "parameters": [
          {
            "name": "name",
            "in": "query",
            "type": "string"
          },
          {
            "name": "ide",
            "in": "query",
            "type": "string"
          }
        ],
        "responses": {
          "default": {
            "description": ""
          }
        }
      }
    },
    "/watch": {
      "get": {
        "description": "",
        "parameters": [
          {
            "name": "name",
            "in": "query",
            "type": "string"
          }
        ],
        "responses": {
          "default": {
            "description": ""
          }
        }
      }
    },
    "/list": {
      "get": {
        "description": "",
        "responses": {
          "default": {
            "description": ""
          }
        }
      }
    },
    "/{_id}": {
      "get": {
        "tags": [
          "Workspace"
        ],
        "description": "",
        "parameters": [
          {
            "name": "_id",
            "in": "path",
            "required": true,
            "type": "string"
          }
        ],
        "responses": {
          "default": {
            "description": ""
          }
        }
      }
    },
    "/createDatabase": {
      "put": {
        "tags": [
          "database"
        ],
        "description": "create database in workspace",
        "parameters": [
          {
            "name": "body",
            "in": "body",
            "description": "Some description...",
            "schema": {
              "type": "object",
              "properties": {
                "databaseType": {
                  "type": "string",
                  "example": "mongoDB"
                },
                "cpu": {
                  "type": "string",
                  "example": ""
                },
                "memory": {
                  "type": "string",
                  "example": ""
                },
                "author": {
                  "type": "array",
                  "example": [
                    "seohoo.song"
                  ],
                  "items": {
                    "type": "string"
                  }
                },
                "workspaceId": {
                  "type": "string",
                  "example": "xxxxx"
                }
              }
            }
          }
        ],
        "responses": {
          "200": {
            "description": "OK",
            "schema": {
              "type": "object",
              "properties": {
                "_id": {
                  "type": "string",
                  "example": ""
                },
                "databaseID": {
                  "type": "string",
                  "example": ""
                },
                "databasePWD": {
                  "type": "string",
                  "example": ""
                },
                "usedStorage": {
                  "type": "string",
                  "example": ""
                },
                "cpu": {
                  "type": "string",
                  "example": ""
                },
                "memory": {
                  "type": "string",
                  "example": ""
                },
                "owner": {
                  "type": "string",
                  "example": ""
                },
                "author": {
                  "type": "string",
                  "example": ""
                },
                "workspaceId": {
                  "type": "string",
                  "example": ""
                },
                "created": {
                  "type": "string",
                  "example": ""
                },
                "lastModified": {
                  "type": "string",
                  "example": ""
                }
              },
              "xml": {
                "name": "main"
              }
            }
          }
        }
      }
    },
    "/getAllDatabase": {
      "get": {
        "description": "",
        "responses": {
          "default": {
            "description": ""
          }
        }
      }
    },
    "/getDatabase/{_id}": {
      "get": {
        "tags": [
          "database"
        ],
        "description": "get specific database in workspace",
        "parameters": [
          {
            "name": "_id",
            "in": "path",
            "required": true,
            "type": "string",
            "description": "objectId of specific database"
          }
        ],
        "responses": {
          "200": {
            "description": "OK",
            "schema": {
              "type": "object",
              "properties": {
                "_id": {
                  "type": "string",
                  "example": ""
                },
                "databaseID": {
                  "type": "string",
                  "example": ""
                },
                "databasePWD": {
                  "type": "string",
                  "example": ""
                },
                "usedStorage": {
                  "type": "string",
                  "example": ""
                },
                "cpu": {
                  "type": "string",
                  "example": ""
                },
                "memory": {
                  "type": "string",
                  "example": ""
                },
                "owner": {
                  "type": "string",
                  "example": ""
                },
                "author": {
                  "type": "string",
                  "example": ""
                },
                "workspaceId": {
                  "type": "string",
                  "example": ""
                },
                "created": {
                  "type": "string",
                  "example": ""
                },
                "lastModified": {
                  "type": "string",
                  "example": ""
                }
              },
              "xml": {
                "name": "main"
              }
            }
          }
        }
      }
    },
    "/deleteDatabase/{_id}": {
      "delete": {
        "description": "",
        "parameters": [
          {
            "name": "_id",
            "in": "path",
            "required": true,
            "type": "string"
          }
        ],
        "responses": {
          "default": {
            "description": ""
          }
        }
      }
    },
    "/createDeployment": {
      "put": {
        "tags": [
          "deployment"
        ],
        "description": "create new deployment in workspace with several options",
        "parameters": [
          {
            "name": "body",
            "in": "body",
            "description": "Some description...",
            "schema": {
              "type": "object",
              "properties": {
                "developmentId": {
                  "type": "string",
                  "example": ""
                },
                "date": {
                  "type": "string",
                  "example": ""
                },
                "version": {
                  "type": "string",
                  "example": ""
                },
                "containerName": {
                  "type": "string",
                  "example": ""
                },
                "contaminerVersion": {
                  "type": "string",
                  "example": ""
                },
                "dnsId": {
                  "type": "string",
                  "example": ""
                }
              }
            }
          }
        ],
        "responses": {
          "default": {
            "description": ""
          }
        }
      }
    },
    "/getAllDeployment": {
      "get": {
        "description": "",
        "responses": {
          "default": {
            "description": ""
          }
        }
      }
    },
    "/getDeployment/{_id}": {
      "get": {
        "tags": [
          "deployment"
        ],
        "description": "",
        "parameters": [
          {
            "name": "_id",
            "in": "path",
            "required": true,
            "type": "string",
            "description": "objectId of specific deployment to stop"
          },
          {
            "name": "body",
            "in": "body",
            "description": "Some description...",
            "schema": {
              "type": "object",
              "properties": {
                "version": {
                  "type": "string",
                  "example": ""
                }
              }
            }
          }
        ],
        "responses": {
          "default": {
            "description": ""
          }
        }
      }
    },
    "/startDeployment/{_id}": {
      "post": {
        "description": "",
        "parameters": [
          {
            "name": "_id",
            "in": "path",
            "required": true,
            "type": "string"
          }
        ],
        "responses": {
          "default": {
            "description": ""
          }
        }
      }
    },
    "/stopDeployment/{_id}": {
      "post": {
        "tags": [
          "deployment"
        ],
        "description": "",
        "parameters": [
          {
            "name": "_id",
            "in": "path",
            "required": true,
            "type": "string",
            "description": "objectId of specific version of deployment to delete"
          },
          {
            "name": "body",
            "in": "body",
            "description": "Some description...",
            "schema": {
              "type": "object",
              "properties": {
                "version": {
                  "type": "string",
                  "example": ""
                }
              }
            }
          }
        ],
        "responses": {
          "default": {
            "description": ""
          }
        }
      }
    },
    "/rollbackDeployment/{_id}": {
      "post": {
        "description": "",
        "parameters": [
          {
            "name": "_id",
            "in": "path",
            "required": true,
            "type": "string"
          }
        ],
        "responses": {
          "default": {
            "description": ""
          }
        }
      }
    },
    "/deleteDeployment/{_id}": {
      "delete": {
        "tags": [
          "deployment"
        ],
        "description": "",
        "parameters": [
          {
            "name": "_id",
            "in": "path",
            "required": true,
            "type": "string",
            "description": "objectId of specific version of deployment to  "
          }
        ],
        "responses": {
          "default": {
            "description": ""
          }
        }
      }
    },
    "/createDns": {
      "put": {
        "tags": [
          "dns"
        ],
        "description": "create new Dns with several options",
        "parameters": [
          {
            "name": "body",
            "in": "body",
            "description": "",
            "schema": {
              "type": "object",
              "properties": {
                "url": {
                  "type": "string",
                  "example": ""
                },
                "ip": {
                  "type": "string",
                  "example": ""
                },
                "cert": {
                  "type": "string",
                  "example": ""
                },
                "key": {
                  "type": "string",
                  "example": ""
                }
              }
            }
          }
        ],
        "responses": {
          "200": {
            "description": "OK",
            "schema": {
              "type": "object",
              "properties": {
                "_id": {
                  "type": "string",
                  "example": ""
                },
                "ip": {
                  "type": "string",
                  "example": ""
                },
                "url": {
                  "type": "string",
                  "example": ""
                },
                "cert": {
                  "type": "string",
                  "example": ""
                },
                "key": {
                  "type": "string",
                  "example": ""
                },
                "created": {
                  "type": "string",
                  "example": ""
                },
                "lastModified": {
                  "type": "string",
                  "example": ""
                }
              },
              "xml": {
                "name": "main"
              }
            }
          }
        }
      }
    },
    "/getAllDns": {
      "get": {
        "tags": [
          "dns"
        ],
        "description": "retrieve all dns in workspace",
        "responses": {
          "200": {
            "description": "OK",
            "schema": {
              "type": "array",
              "items": {
                "type": "object",
                "properties": {
                  "_id": {
                    "type": "string",
                    "example": ""
                  },
                  "ip": {
                    "type": "string",
                    "example": ""
                  },
                  "url": {
                    "type": "string",
                    "example": ""
                  },
                  "cert": {
                    "type": "string",
                    "example": ""
                  },
                  "key": {
                    "type": "string",
                    "example": ""
                  },
                  "created": {
                    "type": "string",
                    "example": ""
                  },
                  "lastModified": {
                    "type": "string",
                    "example": ""
                  }
                }
              },
              "xml": {
                "name": "main"
              }
            }
          }
        }
      }
    },
    "/getDns/{_id}": {
      "get": {
        "tags": [
          "dns"
        ],
        "description": "get specific dns information in workspace",
        "parameters": [
          {
            "name": "_id",
            "in": "path",
            "required": true,
            "type": "string",
            "description": "ObjectId of specific dns"
          }
        ],
        "responses": {
          "200": {
            "description": "OK",
            "schema": {
              "type": "object",
              "properties": {
                "_id": {
                  "type": "string",
                  "example": ""
                },
                "ip": {
                  "type": "string",
                  "example": ""
                },
                "url": {
                  "type": "string",
                  "example": ""
                },
                "cert": {
                  "type": "string",
                  "example": ""
                },
                "key": {
                  "type": "string",
                  "example": ""
                },
                "created": {
                  "type": "string",
                  "example": ""
                },
                "lastModified": {
                  "type": "string",
                  "example": ""
                }
              },
              "xml": {
                "name": "main"
              }
            }
          }
        }
      }
    },
    "/updateDns/{_id}": {
      "post": {
        "tags": [
          "dns"
        ],
        "description": "",
        "parameters": [
          {
            "name": "_id",
            "in": "path",
            "required": true,
            "type": "string",
            "description": "ObjectId of specific dns to update some values"
          },
          {
            "name": "body",
            "in": "body",
            "description": "",
            "schema": {
              "type": "object",
              "properties": {
                "url": {
                  "type": "string",
                  "example": ""
                },
                "ip": {
                  "type": "string",
                  "example": ""
                },
                "cert": {
                  "type": "string",
                  "example": ""
                },
                "key": {
                  "type": "string",
                  "example": ""
                }
              }
            }
          }
        ],
        "responses": {
          "200": {
            "description": "OK",
            "schema": {
              "type": "object",
              "properties": {
                "_id": {
                  "type": "string",
                  "example": ""
                },
                "ip": {
                  "type": "string",
                  "example": ""
                },
                "url": {
                  "type": "string",
                  "example": ""
                },
                "cert": {
                  "type": "string",
                  "example": ""
                },
                "key": {
                  "type": "string",
                  "example": ""
                },
                "created": {
                  "type": "string",
                  "example": ""
                },
                "lastModified": {
                  "type": "string",
                  "example": ""
                }
              },
              "xml": {
                "name": "main"
              }
            }
          }
        }
      }
    },
    "/deleteDns/{_id}": {
      "delete": {
        "tags": [
          "dns"
        ],
        "description": "",
        "parameters": [
          {
            "name": "_id",
            "in": "path",
            "required": true,
            "type": "string",
            "description": "ObjectId of specific dns to remove"
          }
        ],
        "responses": {
          "200": {
            "description": "OK",
            "schema": {
              "type": "object",
              "properties": {
                "_id": {
                  "type": "string",
                  "example": ""
                },
                "ip": {
                  "type": "string",
                  "example": ""
                },
                "url": {
                  "type": "string",
                  "example": ""
                },
                "cert": {
                  "type": "string",
                  "example": ""
                },
                "key": {
                  "type": "string",
                  "example": ""
                },
                "created": {
                  "type": "string",
                  "example": ""
                },
                "lastModified": {
                  "type": "string",
                  "example": ""
                }
              },
              "xml": {
                "name": "main"
              }
            }
          }
        }
      }
    },
    "/createDevelopment": {
      "put": {
        "tags": [
          "development"
        ],
        "description": "create new development in workspace with several options",
        "parameters": [
          {
            "name": "body",
            "in": "body",
            "description": "Some description...",
            "schema": {
              "type": "object",
              "properties": {
                "name": {
                  "type": "string",
                  "example": ""
                },
                "description": {
                  "type": "string",
                  "example": ""
                },
                "author": {
                  "type": "array",
                  "example": [],
                  "items": {}
                },
                "authBoundary": {
                  "type": "string",
                  "example": ""
                },
                "storage": {
                  "type": "string",
                  "example": ""
                },
                "templateRef": {
                  "type": "string",
                  "example": ""
                },
                "ideType": {
                  "type": "string",
                  "example": ""
                },
                "databaseId": {
                  "type": "string",
                  "example": ""
                }
              }
            }
          }
        ],
        "responses": {
          "200": {
            "description": "OK",
            "schema": {
              "type": "object",
              "properties": {
                "_id": {
                  "type": "string",
                  "example": ""
                },
                "name": {
                  "type": "string",
                  "example": ""
                },
                "description": {
                  "type": "string",
                  "example": ""
                },
                "owner": {
                  "type": "array",
                  "example": [],
                  "items": {}
                },
                "author": {
                  "type": "array",
                  "example": [],
                  "items": {}
                },
                "authBoundary": {
                  "type": "string",
                  "example": ""
                },
                "storage": {
                  "type": "string",
                  "example": ""
                },
                "templateRef": {
                  "type": "string",
                  "example": ""
                },
                "ideType": {
                  "type": "string",
                  "example": ""
                },
                "databaseId": {
                  "type": "string",
                  "example": ""
                },
                "created": {
                  "type": "string",
                  "example": ""
                },
                "lastModified": {
                  "type": "string",
                  "example": ""
                },
                "status": {
                  "type": "string",
                  "example": ""
                }
              },
              "xml": {
                "name": "main"
              }
            }
          }
        }
      }
    },
    "/getAllDevelopment": {
      "get": {
        "description": "",
        "responses": {
          "default": {
            "description": ""
          }
        }
      }
    },
    "/getDevelopment/{_id}": {
      "get": {
        "tags": [
          "development"
        ],
        "description": "retrieve specific development in workspace",
        "parameters": [
          {
            "name": "_id",
            "in": "path",
            "required": true,
            "type": "string",
            "description": "objectId of specific development for forking"
          },
          {
            "name": "body",
            "in": "body",
            "description": "Some description...",
            "schema": {
              "type": "object",
              "properties": {
                "name": {
                  "type": "string",
                  "example": ""
                },
                "description": {
                  "type": "string",
                  "example": ""
                },
                "author": {
                  "type": "array",
                  "example": [],
                  "items": {}
                },
                "owner": {
                  "type": "array",
                  "example": [],
                  "items": {}
                },
                "authBoundary": {
                  "type": "string",
                  "example": ""
                },
                "storage": {
                  "type": "string",
                  "example": ""
                },
                "databaseId": {
                  "type": "string",
                  "example": ""
                }
              }
            }
          }
        ],
        "responses": {
          "200": {
            "description": "OK",
            "schema": {
              "type": "object",
              "properties": {
                "_id": {
                  "type": "string",
                  "example": ""
                },
                "name": {
                  "type": "string",
                  "example": ""
                },
                "description": {
                  "type": "string",
                  "example": ""
                },
                "owner": {
                  "type": "array",
                  "example": [],
                  "items": {}
                },
                "author": {
                  "type": "array",
                  "example": [],
                  "items": {}
                },
                "authBoundary": {
                  "type": "string",
                  "example": ""
                },
                "storage": {
                  "type": "string",
                  "example": ""
                },
                "templateRef": {
                  "type": "string",
                  "example": ""
                },
                "ideType": {
                  "type": "string",
                  "example": ""
                },
                "databaseId": {
                  "type": "string",
                  "example": ""
                },
                "created": {
                  "type": "string",
                  "example": ""
                },
                "lastModified": {
                  "type": "string",
                  "example": ""
                },
                "status": {
                  "type": "string",
                  "example": ""
                }
              },
              "xml": {
                "name": "main"
              }
            }
          }
        }
      }
    },
    "/updateDevelopment/{_id}": {
      "post": {
        "description": "",
        "parameters": [
          {
            "name": "_id",
            "in": "path",
            "required": true,
            "type": "string"
          }
        ],
        "responses": {
          "default": {
            "description": ""
          }
        }
      }
    },
    "/shareDevelopment/{_id}": {
      "post": {
        "tags": [
          "development"
        ],
        "description": "share specific development in workspace for added author",
        "parameters": [
          {
            "name": "_id",
            "in": "path",
            "required": true,
            "type": "string",
            "description": "objectId of specific development"
          },
          {
            "name": "body",
            "in": "body",
            "description": "Some description...",
            "schema": {
              "type": "object",
              "properties": {
                "name": {
                  "type": "string",
                  "example": ""
                },
                "description": {
                  "type": "string",
                  "example": ""
                },
                "author": {
                  "type": "array",
                  "example": [],
                  "items": {}
                },
                "owner": {
                  "type": "array",
                  "example": [],
                  "items": {}
                },
                "authBoundary": {
                  "type": "string",
                  "example": ""
                },
                "storage": {
                  "type": "string",
                  "example": ""
                },
                "databaseId": {
                  "type": "string",
                  "example": ""
                }
              }
            }
          }
        ],
        "responses": {
          "200": {
            "description": "OK",
            "schema": {
              "type": "object",
              "properties": {
                "_id": {
                  "type": "string",
                  "example": ""
                },
                "name": {
                  "type": "string",
                  "example": ""
                },
                "description": {
                  "type": "string",
                  "example": ""
                },
                "owner": {
                  "type": "array",
                  "example": [],
                  "items": {}
                },
                "author": {
                  "type": "array",
                  "example": [],
                  "items": {}
                },
                "authBoundary": {
                  "type": "string",
                  "example": ""
                },
                "storage": {
                  "type": "string",
                  "example": ""
                },
                "templateRef": {
                  "type": "string",
                  "example": ""
                },
                "ideType": {
                  "type": "string",
                  "example": ""
                },
                "databaseId": {
                  "type": "string",
                  "example": ""
                },
                "created": {
                  "type": "string",
                  "example": ""
                },
                "lastModified": {
                  "type": "string",
                  "example": ""
                },
                "status": {
                  "type": "string",
                  "example": ""
                }
              },
              "xml": {
                "name": "main"
              }
            }
          }
        }
      }
    },
    "/forkDevelopment/{_id}": {
      "post": {
        "description": "",
        "parameters": [
          {
            "name": "_id",
            "in": "path",
            "required": true,
            "type": "string"
          }
        ],
        "responses": {
          "default": {
            "description": ""
          }
        }
      }
    },
    "/deleteDevelopment/{_id}": {
      "delete": {
        "tags": [
          "development"
        ],
        "description": "delete specific development in workspace",
        "parameters": [
          {
            "name": "_id",
            "in": "path",
            "required": true,
            "type": "string",
            "description": "objectId of specific development"
          }
        ],
        "responses": {
          "200": {
            "description": "OK",
            "schema": {
              "type": "object",
              "properties": {
                "_id": {
                  "type": "string",
                  "example": ""
                },
                "name": {
                  "type": "string",
                  "example": ""
                },
                "description": {
                  "type": "string",
                  "example": ""
                },
                "owner": {
                  "type": "array",
                  "example": [],
                  "items": {}
                },
                "author": {
                  "type": "array",
                  "example": [],
                  "items": {}
                },
                "authBoundary": {
                  "type": "string",
                  "example": ""
                },
                "storage": {
                  "type": "string",
                  "example": ""
                },
                "templateRef": {
                  "type": "string",
                  "example": ""
                },
                "ideType": {
                  "type": "string",
                  "example": ""
                },
                "databaseId": {
                  "type": "string",
                  "example": ""
                },
                "created": {
                  "type": "string",
                  "example": ""
                },
                "lastModified": {
                  "type": "string",
                  "example": ""
                },
                "status": {
                  "type": "string",
                  "example": ""
                }
              },
              "xml": {
                "name": "main"
              }
            }
          }
        }
      }
    },
    "/createTemplate": {
      "put": {
        "tags": [
          "template"
        ],
        "description": "create new template to use in development",
        "responses": {
          "200": {
            "description": "OK",
            "schema": {
              "type": "object",
              "properties": {
                "_id": {
                  "type": "string",
                  "example": ""
                },
                "name": {
                  "type": "string",
                  "example": ""
                },
                "type": {
                  "type": "string",
                  "example": ""
                },
                "version": {
                  "type": "string",
                  "example": ""
                },
                "created": {
                  "type": "string",
                  "example": ""
                }
              },
              "xml": {
                "name": "main"
              }
            }
          }
        }
      }
    },
    "/deleteTemplate/{_id}": {
      "delete": {
        "description": "",
        "parameters": [
          {
            "name": "_id",
            "in": "path",
            "required": true,
            "type": "string"
          }
        ],
        "responses": {
          "default": {
            "description": ""
          }
        }
      }
    },
    "/createAuthorization": {
      "put": {
        "tags": [
          "authorization"
        ],
        "description": "create new authorization in workspace",
        "parameters": [
          {
            "name": "body",
            "in": "body",
            "schema": {
              "type": "object",
              "properties": {}
            }
          }
        ],
        "responses": {
          "200": {
            "description": "OK",
            "schema": {
              "type": "object",
              "properties": {},
              "xml": {
                "name": "main"
              }
            }
          }
        }
      }
    },
    "/updateAuthorization/{_id}": {
      "post": {
        "tags": [
          "authorization"
        ],
        "description": "update existed authorization in workspace",
        "parameters": [
          {
            "name": "_id",
            "in": "path",
            "required": true,
            "type": "string",
            "description": "ObjectId of specific authorization to update some values"
          },
          {
            "name": "body",
            "in": "body",
            "schema": {
              "type": "object",
              "properties": {}
            }
          }
        ],
        "responses": {
          "200": {
            "description": "OK",
            "schema": {
              "type": "object",
              "properties": {},
              "xml": {
                "name": "main"
              }
            }
          }
        }
      }
    },
    "/deleteAuthorization/{_id}": {
      "delete": {
        "tags": [
          "authorization"
        ],
        "description": "delete existed authorization in workspace",
        "parameters": [
          {
            "name": "_id",
            "in": "path",
            "required": true,
            "type": "string",
            "description": "ObjectId of specific authorization to delete"
          }
        ],
        "responses": {
          "default": {
            "description": ""
          }
        }
      }
    }
  }
}